height,length,width
-0.8771374223430436,-1.5767002143366142,-1.2184443831610305
-0.18099661095967554,-0.8743056428535474,-1.2184443831610305
-0.8771374223430436,-0.5231083571120139,-1.5687432024581096
